{
	"@metadata": {
		"authors": [
			"Ananth subray",
			"Anoop rao",
			"Nayvik",
			"Niekiran",
			"VASANTH S.N."
		]
	},
	"VARIABLES_DEFAULT_NAME": "ವಸ್ತು",
	"UNNAMED_KEY": "ಹೆಸರಿಡದ",
	"TODAY": "ಇಂದು",
	"DUPLICATE_BLOCK": "ನಕಲಿಸು",
	"ADD_COMMENT": "ಟಿಪ್ಪಣಿ ಸೇರಿಸು",
	"REMOVE_COMMENT": "ಟಿಪ್ಪಣಿ ಅಳಿಸು",
	"DUPLICATE_COMMENT": "ಟಿಪ್ಪಣಿ ನಕಲಿಸು",
	"EXTERNAL_INPUTS": "ಬಾಹ್ಯ ಒಳಾಂಶಗಳು",
	"INLINE_INPUTS": "ಇನ್ಲೈನ್ ಒಳಾಂಶಗಳು",
	"DELETE_BLOCK": "ಬ್ಲಾಕ್ ಅಳಿಸು",
	"DELETE_X_BLOCKS": "%1 ಬ್ಲಾಕ್‍ಗಳನ್ನು ಅಳಿಸು",
	"DELETE_ALL_BLOCKS": "ಎಲ್ಲ %1 ಬ್ಲಾಕ್‍ಗಳನ್ನು ಅಳಿಸುವುದೇ ?",
	"CLEAN_UP": "ಬ್ಲಾಕ್‍ಗಳನ್ನು ಸ್ವಚ್ಛಗೊಳಿಸು",
	"COLLAPSE_BLOCK": "ಬ್ಲಾಕ್ ಮುಚ್ಚು",
	"COLLAPSE_ALL": "ಬ್ಲಾಕ್‍ಗಳನ್ನು ಮುಚ್ಚು",
	"EXPAND_BLOCK": "ಬ್ಲಾಕ್ ವಿಸ್ತರಿಸು",
	"EXPAND_ALL": "ಬ್ಲಾಕ್‍ಗಳನ್ನು ವಿಸ್ತರಿಸು",
	"DISABLE_BLOCK": "ಬ್ಲಾಕ್ ನಿಷ್ಕ್ರಿಯಗೊಳಿಸು",
	"ENABLE_BLOCK": "ಬ್ಲಾಕ್ ಸಕ್ರಿಯಗೊಳಿಸು",
	"HELP": "ಸಹಾಯ",
	"UNDO": "ಹಿಂದಿದ್ದ ಸ್ಥಿತಿಗೆ ಮರಳಿಸು",
	"REDO": "ಮುಂದಿದ್ದ ಸ್ಥಿತಿಗೆ ಮರಳಿಸು",
	"CHANGE_VALUE_TITLE": "ಮೌಲ್ಯ ಬದಲಾಯಿಸು:",
	"RENAME_VARIABLE": "ಮಾರ್ಪಡಿಸಬಹುದಾದ ಮೂಲಾಂಶ ಮರುಹೆಸರಿಸು...",
	"RENAME_VARIABLE_TITLE": "ಎಲ್ಲ '%1' ಮಾರ್ಪಡಿಸಬಹುದಾದ ಮೂಲಾಂಶಗಳನ್ನು ಮರುಹೆಸರಿಸು:",
	"NEW_VARIABLE": "ಮಾರ್ಪಡಿಸಬಹುದಾದ ಮೂಲಾಂಶ ಸೃಷ್ಟಿಸು ...",
	"NEW_STRING_VARIABLE": "ಅಕ್ಷರ ಮಾಲೆ ಮಾರ್ಪಡಿಸಬಹುದಾದ ಮೂಲಾಂಶ ಸೃಷ್ಟಿಸು...",
	"NEW_NUMBER_VARIABLE": "ಸಂಖ್ಯೆ ಮಾರ್ಪಡಿಸಬಹುದಾದ ಮೂಲಾಂಶ ಸೃಷ್ಟಿಸು ...",
	"NEW_COLOUR_VARIABLE": "ಬಣ್ಣ ಮಾರ್ಪಡಿಸಬಹುದಾದ ಮೂಲಾಂಶ ಸೃಷ್ಟಿಸು ...",
	"NEW_VARIABLE_TYPE_TITLE": "ಮಾರ್ಪಡಿಸಬಹುದಾದ ಮೂಲಾಂಶದ ಬಗೆ:",
	"NEW_VARIABLE_TITLE": "ಮಾರ್ಪಡಿಸಬಹುದಾದ ಮೂಲಾಂಶದ ಹೆಸರು:",
	"VARIABLE_ALREADY_EXISTS": "'%1' ಎನ್ನುವ ಹೆಸರಿನ ಮಾರ್ಪಡಿಸಬಹುದಾದ ಮೂಲಾಂಶ ಈಗಾಗಲೇ ಅಸ್ತಿತ್ವದಲ್ಲಿದೆ.",
	"VARIABLE_ALREADY_EXISTS_FOR_ANOTHER_TYPE": "%1' ಎನ್ನುವ ಮಾರ್ಪಡಿಸಬಹುದಾದ ಮೂಲಾಂಶವು ಈಗಾಗಲೇ '%2' ಬಗೆಯಲ್ಲಿ ಅಸ್ತಿತ್ವದಲ್ಲಿದೆ.",
	"DELETE_VARIABLE_CONFIRMATION": "'%2' ಮಾರ್ಪಡಿಸಬಹುದಾದ ಮೂಲಾಂಶದ '%1' ಉಪಯೋಗಗಳನ್ನು ಅಳಿಸುವುದೇ ?",
	"CANNOT_DELETE_VARIABLE_PROCEDURE": "%1' ಮಾರ್ಪಡಿಸಬಹುದಾದ ಮೂಲಾಂಶವನ್ನು ಅಳಿಸಲು ಬರುವುದಿಲ್ಲ. ಏಕೆಂದರೆ ಅದು '%2' ಕೆಲಸದಲ್ಲಿ ಉಪಯೋಗಿಸಲ್ಪಟ್ಟಿದೆ",
	"DELETE_VARIABLE": "'%1' ಮಾರ್ಪಡಿಸಬಹುದಾದ ಮೂಲಾಂಶವನ್ನು ಅಳಿಸು",
	"COLOUR_PICKER_HELPURL": "https://en.wikipedia.org/wiki/Color",
	"COLOUR_PICKER_TOOLTIP": "ವರ್ಣಫಲಕದಿಂದ ಬಣ್ಣವನು ಆರಿಸು.",
	"COLOUR_RANDOM_TITLE": "ಅಸಂಬದ್ದ ಬಣ್ಣ",
	"COLOUR_RANDOM_TOOLTIP": "ಯಾವುದಾದರೂ ಒಂದು ಬಣ್ಣವನ್ನು ಆರಿಸು.",
	"COLOUR_RGB_TITLE": "ಬಣ್ಣದೊಂದಿಗೆ",
	"COLOUR_RGB_RED": "ಕೆಂಪು",
	"COLOUR_RGB_GREEN": "ಹಸಿರು",
	"COLOUR_RGB_BLUE": "ನೀಲಿ",
	"COLOUR_RGB_TOOLTIP": "ನಿರ್ಧಿಷ್ಟವಾದ ಪ್ರಮಾಣದಲ್ಲಿ ಕೆಂಪು, ಹಸಿರು, ಮತ್ತು ನೀಲಿ ಯನ್ನು ಹೊಂದಿದ ಒಂದು ಬಣ್ಣವನ್ನು ರಚಿಸಿ. ಎಲ್ಲಾ ಮೌಲ್ಯಗಳು 0 ಮತ್ತು 100 ರ ನಡುವೆ ಇರಬೇಕು.",
	"COLOUR_BLEND_TITLE": "ಮಿಶ್ರಣ",
	"COLOUR_BLEND_COLOUR1": "ಬಣ್ಣ 1",
	"COLOUR_BLEND_COLOUR2": "ಬಣ್ಣ 2",
	"COLOUR_BLEND_RATIO": "ಅನುಪಾತ",
	"COLOUR_BLEND_TOOLTIP": "ಕೊಟ್ಟಿರುವ ಅನುಪಾತದ (0.0 - 1.0) ಪ್ರಕಾರ ಎರಡು ಬಣ್ಣವನ್ನು ಮಿಶ್ರಣ ಮಾಡುತ್ತದೆ.",
	"CONTROLS_REPEAT_HELPURL": "https://en.wikipedia.org/wiki/For_loop",
	"CONTROLS_REPEAT_TITLE": "%1 ಬಾರಿ ಪುನರಾವರ್ತಿಸು",
	"CONTROLS_REPEAT_INPUT_DO": "ಮಾಡು",
	"CONTROLS_REPEAT_TOOLTIP": "ಕೆಲವು ಹೇಳಿಕೆಗಳನ್ನು ಹಲವಾರು ಬಾರಿ ಮಾಡು.",
	"CONTROLS_WHILEUNTIL_OPERATOR_WHILE": "ಪುನರಾವರ್ತಿಸು ಇ ಸಮಯದಲ್ಲಿ",
	"CONTROLS_WHILEUNTIL_OPERATOR_UNTIL": "ಪುನರಾವರ್ತಿಸು ಇ ತನಕ",
	"CONTROLS_WHILEUNTIL_TOOLTIP_WHILE": "ಮೌಲ್ಯವು ನಿಜವಾಗಿರುವ ಸಮಯದಲ್ಲಿ, ಕೆಲವು ಹೇಳಿಕೆಗಳನ್ನು ಮಾಡಿ.",
	"CONTROLS_WHILEUNTIL_TOOLTIP_UNTIL": "ಮೌಲ್ಯವು ಸುಳ್ಳಾಗಿರುವ ಸಮಯದಲ್ಲಿ, ಕೆಲವು ಹೇಳಿಕೆಗಳನ್ನು ಮಾಡಿ.",
	"CONTROLS_FOR_TOOLTIP": "'%1' ಮಾರ್ಪಡಿಸಬಹುದಾದ ಮೂಲಾಂಶವು ಆರಂಭದ ಸಂಖ್ಯೆಯಿಂದ ಕೊನೆಯ ಸಂಖ್ಯೆಯ ತನಕ ಒಂದು ಮೌಲ್ಯವನ್ನು ಹೊಂದಿರಲಿ, ನಿಗದಿತ ಪ್ರಮಾಣದಲ್ಲಿ ಎಣಿಸುವುದನ್ನು ನಿರ್ಧರಿಸಿ,  ನಿಗದಿಪಡಿಸಿದ ಬ್ಲಾಕ್‍ಗಳನ್ನು ಮಾಡಿ.",
	"CONTROLS_FOR_TITLE": "%1 ಜೊತೆ ಎಣಿಸು %2 ಇಂದ %3 ತನಕ %4 ಪ್ರಮಾಣದಲ್ಲಿ",
	"CONTROLS_FOREACH_TITLE": "ಪ್ರತಿ ವಸ್ತುವಿಗೆ %1 ಇ ಪಟ್ಟಿಯಲ್ಲಿ %2",
	"CONTROLS_FOREACH_TOOLTIP": "ಪಟ್ಟಿಯಲ್ಲಿರುವ ಪ್ರತಿ ವಸ್ತುವಿಗೆ, ಮಾರ್ಪಡಿಸಬಹುದಾದ ಮೂಲಾಂಶ '%1' ಅನ್ನು ವಸ್ತುವಿನೊಂದಿಗೆ ಹೊಂದಿಸಿ , ಆಮೇಲೆ ಕೆಲವು ಹೇಳಿಕೆಗಳನ್ನು ಮಾಡಿ.",
	"CONTROLS_FLOW_STATEMENTS_OPERATOR_BREAK": "ಸುತ್ತುವಿಕೆಯಿಂದ ಹೊರ ಬಾ",
	"CONTROLS_FLOW_STATEMENTS_OPERATOR_CONTINUE": "ಸುತ್ತುವಿಕೆಯ ಮುಂದಿನ ಪುನರಾವರ್ತನೆಯೊಂದಿಗೆ ಮುಂದುವರಿಯಿರಿ",
	"CONTROLS_FLOW_STATEMENTS_TOOLTIP_BREAK": "ಒಳಗೊಂಡಿರುವ ಸುತ್ತುವಿಕೆಯಿಂದ ಹೊರಬನ್ನಿ.",
	"CONTROLS_FLOW_STATEMENTS_TOOLTIP_CONTINUE": "ಉಳಿದ ಸುತ್ತುವಿಕೆ ಬಿಟ್ಟು ಮುಂದೆ ಹೋಗಿ,  ಮತ್ತು ಮುಂದಿನ ಪುನರಾವರ್ತನೆಯೊಂದಿಗೆ ಮುಂದುವರಿಯಿರಿ.",
	"CONTROLS_FLOW_STATEMENTS_WARNING": "ಎಚ್ಚರಿಕೆ: ಈ ಬ್ಲಾಕ್ ಅನ್ನು ಸುತ್ತುವಿಕೆ ಒಳಗಡೆ ಮಾತ್ರ ಬಳಸಬಹುದಾಗಿದೆ.",
	"CONTROLS_IF_TOOLTIP_1": "ಮೌಲ್ಯವು ನಿಜ ಆಗಿದ್ದರೆ , ಕೆಲವು ಹೇಳಿಕೆಗಳನ್ನು ಮಾಡು.",
	"CONTROLS_IF_TOOLTIP_2": "ಮೌಲ್ಯವು ನಿಜ ಆಗಿದ್ದರೆ, ಮೊದಲನೇ ವಿಭಾಗದ ಹೇಳಿಕೆಗಳನ್ನು ಮಾಡು, ಇಲ್ಲವಾದರೆ, ಎರಡನೇ ವಿಭಾಗದ ಹೇಳಿಕೆಗಳನ್ನು ಮಾಡು.",
	"CONTROLS_IF_TOOLTIP_3": "ಮೊದಲನೆಯ ಮೌಲ್ಯವು ನಿಜ ಆಗಿದ್ದರೆ, ಮೊದಲ ವಿಭಾಗದ ಹೇಳಿಕೆಗಳನ್ನು ಮಾಡು. ಇಲ್ಲವಾದರೆ, ಎರಡನೇ ಮೌಲ್ಯವು ನಿಜವಾಗಿದ್ದರೆ, ಎರಡನೇ ವಿಭಾಗದ ಹೇಳಿಕೆಗಳನ್ನು ಮಾಡು.",
	"CONTROLS_IF_TOOLTIP_4": "ಮೊದಲನೆಯ ಮೌಲ್ಯವು ನಿಜ ಆಗಿದ್ದರೆ, ಮೊದಲ ವಿಭಾಗದ ಹೇಳಿಕೆಗಳನ್ನು ಮಾಡು. ಇಲ್ಲವಾದರೆ, ಎರಡನೇ ಮೌಲ್ಯವು ನಿಜವಾಗಿದ್ದರೆ, ಎರಡನೇ ವಿಭಾಗದ ಹೇಳಿಕೆಗಳನ್ನು ಮಾಡು. ಒಂದುವೇಳೆ ಯಾವುದೇ ಮೌಲ್ಯವು ನಿಜವಾಗಿರದಿದ್ದರೆ, ಕೊನೆಯ ವಿಭಾಗದ ಹೇಳಿಕೆಗಳನ್ನು ಮಾಡು.",
	"CONTROLS_IF_MSG_IF": "ಆಗಿದ್ದರೆ",
	"CONTROLS_IF_MSG_ELSEIF": "ಆಗಿರದಿದ್ದರೆ ಆಗಿದ್ದರೆ",
	"CONTROLS_IF_MSG_ELSE": "ಆಗಿರದಿದ್ದರೆ",
	"CONTROLS_IF_IF_TOOLTIP": "ಆಗಿದ್ದರೆ ಬ್ಲಾಕ್ ಅನ್ನು ಮರುವಿನ್ಯಾಸ ಗೊಳಿಸಲು ಅದರ ಭಾಗಗಳನ್ನು ಸೇರಿಸು, ತೆಗೆ, ಅಥವಾ ಮರುಕ್ರಮಗೊಳಿಸು.",
	"CONTROLS_IF_ELSEIF_TOOLTIP": "'ಆಗಿದ್ದರೆ' ಬ್ಲಾಕ್ ಗೆ ಒಂದು ನಿಯಮವನ್ನು ಸೇರಿಸು.",
	"CONTROLS_IF_ELSE_TOOLTIP": "ಕೊನೆಯ, ಎಲ್ಲ-ಹಿಡಿ ನಿಯಮವನ್ನು 'ಆಗಿದ್ದರೆ' ಬ್ಲಾಕ್ ಗೆ ಸೇರಿಸು.",
	"IOS_OK": "ಸರಿ",
	"IOS_CANCEL": "ರದ್ದುಮಾಡು",
	"IOS_ERROR": "ತಪ್ಪು",
	"IOS_PROCEDURES_INPUTS": "ಒಳಾಂಶಗಳು",
	"IOS_PROCEDURES_ADD_INPUT": "+ ಒಳಾಂಶವನ್ನು ಸೇರಿಸು",
	"IOS_PROCEDURES_ALLOW_STATEMENTS": "ಹೇಳಿಕೆಗಳನ್ನು ಅನುಮತಿಸಿ",
	"IOS_PROCEDURES_DUPLICATE_INPUTS_ERROR": "ಈ ಕೆಲಸವು ನಕಲಿ ಒಳಾಂಶಗಳನ್ನು ಒಳಗೊಂಡಿರುತ್ತದೆ.",
	"IOS_VARIABLES_ADD_VARIABLE": "+ ಮಾರ್ಪಡಿಸಬಹುದಾದ ಮೂಲಾಂಶವನ್ನು ಸೇರಿಸು",
	"IOS_VARIABLES_ADD_BUTTON": "ಸೇರಿಸು",
	"IOS_VARIABLES_RENAME_BUTTON": "ಹೆಸರು ಬದಲಾಯಿಸು",
	"IOS_VARIABLES_DELETE_BUTTON": "ಅಳಿಸು",
	"IOS_VARIABLES_VARIABLE_NAME": "ಮಾರ್ಪಡಿಸಬಹುದಾದ ಮೂಲಾಂಶದ ಹೆಸರು",
	"IOS_VARIABLES_EMPTY_NAME_ERROR": "ನೀವು ಖಾಲಿ ಮೂಲಾಂಶದ ಹೆಸರನ್ನು ಬಳಸಲಾಗುವುದಿಲ್ಲ.",
	"LOGIC_COMPARE_HELPURL": "https://en.wikipedia.org/wiki/Inequality_(mathematics)",
	"LOGIC_OPERATION_AND": "ಮತ್ತು",
	"LOGIC_OPERATION_OR": "ಅಥವಾ",
	"LOGIC_BOOLEAN_TRUE": "ನಿಜ",
	"LOGIC_BOOLEAN_FALSE": "ತಪ್ಪು",
	"LOGIC_NULL": "ಶೂನ್ಯ",
	"LOGIC_TERNARY_CONDITION": "ಟೆಸ್ಟ್",
	"MATH_NUMBER_TOOLTIP": "ಹಲವಾರು",
	"MATH_SINGLE_OP_ROOT": "ವರ್ಗಮೂಲ",
	"MATH_SINGLE_TOOLTIP_ROOT": "ಸಂಖ್ಯೆಯ ವರ್ಗಮೂಲ ಮರಳಿಸು.",
	"MATH_SINGLE_OP_ABSOLUTE": "ಸಂಪೂರ್ಣ",
	"MATH_SINGLE_TOOLTIP_ABS": "ಸಂಖ್ಯೆಯ ಪರಿಪೂರ್ಣ ಮೌಲ್ಯ ಮರಳಿಸು",
	"MATH_ROUND_OPERATOR_ROUND": "ಸುತ್ತು",
	"MATH_RANDOM_INT_HELPURL": "https://en.wikipedia.org/wiki/Random_number_generation",
	"MATH_RANDOM_FLOAT_HELPURL": "https://en.wikipedia.org/wiki/Random_number_generation",
	"TEXT_CREATE_JOIN_TITLE_JOIN": "ಸೇರಿಸಿ",
	"TEXT_GET_SUBSTRING_INPUT_IN_TEXT": "ಪಠ್ಯದಲ್ಲಿ",
	"TEXT_PRINT_TITLE": "ಮುದ್ರಣ %1",
	"LISTS_CREATE_WITH_CONTAINER_TITLE_ADD": "ಪಟ್ಟಿ",
	"LISTS_INLIST": "ಪಟ್ಟಿಯಲ್ಲಿ",
	"LISTS_GET_INDEX_GET": "ಪಡೆಯಲು",
	"LISTS_GET_INDEX_GET_REMOVE": "ಪಡೆಯಲು ಮತ್ತು ತೆಗೆಯಲು",
	"LISTS_GET_INDEX_REMOVE": "ತೆಗೆ",
	"LISTS_GET_INDEX_FROM_END": "ಕೊನೆಯಿಂದ",
	"LISTS_GET_INDEX_FIRST": "ಮೊದಲ",
	"LISTS_GET_INDEX_LAST": "ಕೊನೆಯ",
	"PROCEDURES_BEFORE_PARAMS": "ಜೊತೆ:",
	"PROCEDURES_CALL_BEFORE_PARAMS": "ಜೊತೆ:"
}
